person_id,first_name,last_name,email_address,phone_number
1,Chris,Clay,ChrisClay@barrett.com,478-870-309
2,Amber,Jacobs,AmberJacobs@salazar.com,126-696-645
3,Allen,Allen,AllenAllen@fisher.biz,641-662-622
4,Alex,Smith,AlexSmith@garcia.net,938-104-511
5,Erin,Sullivan,ErinSullivan@miller-moran.com,351-637-624
6,Alicia,Mcbride,AliciaMcbride@mccann.org,829-935-467
7,Javier,Wells,JavierWells@clark-zimmerman.biz,378-904-163
8,Jennifer,Ruiz,JenniferRuiz@smith.com,386-430-262
9,Renee,Perez,ReneePerez@mcdonald-watson.biz,749-429-213
10,Hannah,Frey,HannahFrey@atkinson.biz,722-111-415
11,Cynthia,Blanchard,CynthiaBlanchard@gibson-blanchard.com,567-866-675
12,Brenda,Williams,BrendaWilliams@steele.com,790-742-603
13,Manuel,Becker,ManuelBecker@roberts.org,620-441-780
14,Margaret,Jones,MargaretJones@morrison-miller.com,704-678-149
15,Jeanne,Hall,JeanneHall@jackson.com,382-339-461
16,Toni,Delacruz,ToniDelacruz@lopez.com,338-910-602
17,Steven,Love,StevenLove@jimenez.info,703-481-101
18,Crystal,Young,CrystalYoung@bond.com,516-965-247
19,Troy,Dean,TroyDean@munoz.com,480-952-488
20,Amanda,Cantu,AmandaCantu@mullins.com,761-889-734
21,Jasmine,Juarez,JasmineJuarez@george.com,962-195-437
22,Tiffany,Hicks,TiffanyHicks@fisher.net,297-284-264
23,Deborah,Richards,DeborahRichards@doyle.com,857-291-355
24,Renee,Brown,ReneeBrown@stephens-cooper.com,145-812-309
25,Mary,Smith,MarySmith@golden.com,358-839-467
26,Andrew,Willis,AndrewWillis@sims-smith.biz,640-483-696
27,Joseph,Houston,JosephHouston@oneill-coleman.info,672-531-271
28,Cynthia,King,CynthiaKing@parker-lyons.info,490-540-996
29,Jeremy,Case,JeremyCase@burnett.org,876-920-386
30,Alexa,Keith,AlexaKeith@robinson.biz,124-915-713
31,Gabriel,Ramirez,GabrielRamirez@rios.net,640-805-254
32,Andrea,Craig,AndreaCraig@higgins.com,619-917-816
33,Melissa,Rich,MelissaRich@lee.info,252-747-998
34,Kathy,Swanson,KathySwanson@miller.com,336-908-467
35,Charles,Ramos,CharlesRamos@stephens.com,886-118-771
36,Robert,Roberts,RobertRoberts@miller-navarro.com,723-217-383
37,Michele,Sullivan,MicheleSullivan@myers-kelly.net,470-746-101
38,Mitchell,Hart,MitchellHart@white-lewis.com,522-367-112
39,Elizabeth,Ross,ElizabethRoss@gonzales.com,711-562-796
40,Jennifer,Martinez,JenniferMartinez@lang.com,283-903-973
41,Tyler,Franklin,TylerFranklin@lopez.com,649-687-959
42,Thomas,Doyle,ThomasDoyle@beltran.com,451-299-545
43,Steven,Ross,StevenRoss@proctor.com,102-383-264
44,Walter,Hall,WalterHall@black.biz,999-340-720
45,Kara,Jones,KaraJones@barrett.com,755-211-252
46,Lance,Cummings,LanceCummings@fisher.net,747-471-763
47,Jennifer,Brown,JenniferBrown@hall-chang.com,639-373-808
48,Christopher,Brooks,ChristopherBrooks@merritt.com,645-906-269
49,Zachary,Taylor,ZacharyTaylor@hood-pittman.com,995-403-535
50,Kristen,Young,KristenYoung@goodwin.info,250-372-268
51,Mary,Gould,MaryGould@ward.com,103-940-409
52,Sandra,Watson,SandraWatson@beard.com,193-167-937
53,John,Parker,JohnParker@underwood.biz,572-214-643
54,Jessica,Garcia,JessicaGarcia@ryan-flowers.org,135-545-506
55,John,Lane,JohnLane@hull.org,281-815-552
56,Mark,Castro,MarkCastro@smith-simpson.info,769-823-319
57,Wendy,Peters,WendyPeters@obrien.com,986-371-873
58,Emily,Richards,EmilyRichards@harris.net,969-951-172
59,Thomas,Delgado,ThomasDelgado@taylor.com,237-921-157
60,Matthew,Villa,MatthewVilla@benjamin.com,567-819-809
61,Brandon,Cole,BrandonCole@medina.com,830-459-695
62,Stephanie,Smith,StephanieSmith@bates.com,422-831-391
63,Christopher,Kelley,ChristopherKelley@navarro-gomez.com,149-584-711
64,Jessica,Bell,JessicaBell@freeman-brown.com,229-519-719
65,Gina,Harris,GinaHarris@sanchez.com,304-846-447
66,Gary,Mclaughlin,GaryMclaughlin@rogers-smith.com,605-123-373
67,Alicia,Luna,AliciaLuna@haley.net,650-955-331
68,Luis,Webb,LuisWebb@flynn.com,440-275-573
69,Adam,Aguilar,AdamAguilar@elliott.com,658-117-735
70,Marissa,Rodriguez,MarissaRodriguez@mays.com,341-912-879
71,Michelle,Bowers,MichelleBowers@park.com,327-331-864
72,Leah,Cabrera,LeahCabrera@moore.com,814-385-437
73,Tricia,Baker,TriciaBaker@harris.org,976-260-566
74,Tammy,Mckee,TammyMckee@johnson.info,889-651-973
75,Paul,Campbell,PaulCampbell@cook.com,576-928-851
76,Kyle,Monroe,KyleMonroe@johnson-wiggins.com,520-182-460
77,Todd,Burns,ToddBurns@nichols.com,664-841-547
78,Curtis,Owens,CurtisOwens@stevens-martin.com,300-168-323
79,Corey,Gomez,CoreyGomez@olsen.biz,203-826-866
80,Julie,Barnes,JulieBarnes@jacobs.info,652-886-677
81,Stephen,Hall,StephenHall@rodriguez.com,101-248-919
82,Jessica,Parrish,JessicaParrish@dodson.info,124-969-917
83,Travis,Burns,TravisBurns@payne.biz,118-775-494
84,Mary,Acosta,MaryAcosta@ruiz-delacruz.com,720-347-990
85,Amanda,Moreno,AmandaMoreno@harris.org,983-881-932
86,Laura,Santos,LauraSantos@hernandez.org,128-232-508
87,John,Adams,JohnAdams@frederick-caldwell.org,169-743-893
88,David,Gonzalez,DavidGonzalez@benson.com,226-885-161
89,Erin,Benitez,ErinBenitez@williamson.biz,896-488-473
90,Laurie,Cherry,LaurieCherry@gallagher.com,333-942-505
91,Robert,Buckley,RobertBuckley@fowler-montgomery.com,686-656-877
92,Patricia,Wyatt,PatriciaWyatt@good-reynolds.com,998-609-828
93,Tamara,Garza,TamaraGarza@shepard.com,458-272-565
94,Anthony,Boyd,AnthonyBoyd@fields.com,909-147-622
95,Christian,Trujillo,ChristianTrujillo@davis-small.biz,114-933-176
96,Shannon,Morse,ShannonMorse@smith-kelly.com,752-187-426
97,Daniel,Diaz,DanielDiaz@williams.com,831-818-975
98,Johnny,Bell,JohnnyBell@mathews.com,322-285-395
99,Matthew,Holder,MatthewHolder@osborne.com,406-669-718
100,Ronald,Galvan,RonaldGalvan@allen.com,915-732-529
101,Paul,Jenkins,PaulJenkins@wood-allen.com,114-759-970
102,Thomas,Douglas,ThomasDouglas@fields-francis.com,648-376-126
103,Juan,Murray,JuanMurray@hill-pugh.com,552-156-708
104,Donna,Smith,DonnaSmith@davidson-moore.com,597-526-142
105,Rose,Johnson,RoseJohnson@perez-todd.com,443-619-421
106,Veronica,Elliott,VeronicaElliott@wright.com,950-912-972
107,Kevin,Robinson,KevinRobinson@scott-smith.biz,305-245-762
108,Jasmine,Green,JasmineGreen@velez.com,159-969-169
109,John,Thomas,JohnThomas@long.com,973-611-249
110,Ian,Jenkins,IanJenkins@barr.com,171-658-703
111,Jennifer,Roberts,JenniferRoberts@dominguez-best.com,635-832-875
112,Timothy,Jordan,TimothyJordan@miller.biz,861-526-145
113,Brendan,Moore,BrendanMoore@levy.com,985-514-395
114,Emma,Patton,EmmaPatton@robinson.net,844-106-543
115,Holly,Fletcher,HollyFletcher@davis.com,174-594-760
116,Joshua,Sanchez,JoshuaSanchez@patel-rocha.com,488-321-731
117,Rebecca,Anthony,RebeccaAnthony@edwards.org,888-342-643
118,Charles,Little,CharlesLittle@conley.com,443-832-805
119,Dominique,Campos,DominiqueCampos@powers.com,545-903-988
120,Johnathan,Wilson,JohnathanWilson@robinson-gray.com,750-284-632
121,Richard,Alvarado,RichardAlvarado@greene.com,960-860-643
122,Robin,Smith,RobinSmith@lang.com,764-369-120
123,Melissa,Henry,MelissaHenry@andrews.com,454-220-687
124,Hannah,Luna,HannahLuna@james.biz,849-245-800
125,Samuel,Richards,SamuelRichards@myers.info,788-782-818
126,Scott,Bean,ScottBean@roy.com,216-378-925
127,Julie,Nguyen,JulieNguyen@johnson.net,176-593-294
128,Oscar,Richardson,OscarRichardson@barber.com,169-303-667
129,Justin,Herrera,JustinHerrera@cox.biz,673-334-896
130,Christopher,Bowman,ChristopherBowman@washington.org,897-801-520
131,Kevin,Hamilton,KevinHamilton@bowman-knapp.com,838-415-846
132,Tony,Contreras,TonyContreras@morris.info,415-517-932
133,Anna,Hernandez,AnnaHernandez@hill.com,220-601-852
134,Debra,White,DebraWhite@young.com,775-887-920
135,Manuel,Nelson,ManuelNelson@cain-cole.biz,762-471-106
136,Rachel,Moore,RachelMoore@martinez.com,986-806-604
137,Ashley,Doyle,AshleyDoyle@lara.biz,552-220-649
138,Jason,Baker,JasonBaker@burnett.info,277-164-365
139,Alison,Ferrell,AlisonFerrell@martin.com,868-942-184
140,Eric,Adkins,EricAdkins@ponce.com,655-367-968
141,Melissa,Sellers,MelissaSellers@berry-morris.com,595-468-664
142,Anthony,Green,AnthonyGreen@hughes.com,947-117-436
143,George,Foster,GeorgeFoster@tyler.net,561-956-952
144,Elizabeth,Walker,ElizabethWalker@bartlett.biz,233-998-427
145,Denise,Garner,DeniseGarner@castillo-russell.com,720-820-965
146,Cassandra,Lewis,CassandraLewis@juarez.net,511-786-934
147,Michelle,Bryant,MichelleBryant@edwards-brown.org,330-632-979
148,Mary,Gonzalez,MaryGonzalez@clarke.com,542-730-767
149,Amy,Allen,AmyAllen@rose-king.com,225-244-561
